,类别,标题,排名,热度,上榜时间,链接,爬取时间
0,艺人,林志颖车祸后再度开赛车,1,834120,2023-05-27 00:27:27,https://s.weibo.com/weibo?q=#林志颖车祸后再度开赛车#,2023-05-27 01:42:36
1,"情感,幽默",送命式熬夜 经常性失落,2,827926,2023-05-27 00:55:23,https://s.weibo.com/weibo?q=#送命式熬夜 经常性失落#,2023-05-27 01:42:36
2,社会新闻,探馆中关村论坛展览领略前沿科技魅力,3,513659,2023-05-26 21:25:29,https://s.weibo.com/weibo?q=#探馆中关村论坛展览领略前沿科技魅力#,2023-05-27 01:42:36
3,社会新闻,江西一对表兄妹结婚10年育1子,4,503279,2023-05-27 00:39:24,https://s.weibo.com/weibo?q=#江西一对表兄妹结婚10年育1子#,2023-05-27 01:42:36
4,影视,狂飙片方没有为高启强报名,5,420060,2023-05-26 22:21:34,https://s.weibo.com/weibo?q=#狂飙片方没有为高启强报名#,2023-05-27 01:42:36
5,作品衍生,张元英AI换脸叶夕雾,6,402261,2023-05-26 23:34:33,https://s.weibo.com/weibo?q=#张元英AI换脸叶夕雾#,2023-05-27 01:42:36
6,"社会新闻,艺人",何丹彤回应被抢劫,7,338120,2023-05-27 00:38:27,https://s.weibo.com/weibo?q=#何丹彤回应被抢劫#,2023-05-27 01:42:36
7,影视,狂飙,8,295986,2023-05-26 18:36:31,https://s.weibo.com/weibo?q=#狂飙#,2023-05-27 01:42:36
8,影视,后浪女主,9,278060,2023-05-27 00:04:28,https://s.weibo.com/weibo?q=#后浪女主#,2023-05-27 01:42:36
9,社会新闻,椰树 不带货纯擦,10,271714,2023-05-27 01:06:22,https://s.weibo.com/weibo?q=#椰树 不带货纯擦#,2023-05-27 01:42:36
10,"军事,国外要闻",塞尔维亚总统下令军队进入最高战备状态,11,266697,2023-05-26 23:51:31,https://s.weibo.com/weibo?q=#塞尔维亚总统下令军队进入最高战备状态#,2023-05-27 01:42:36
11,情感,我妈死后还在催婚,12,243954,2023-05-26 20:02:30,https://s.weibo.com/weibo?q=#我妈死后还在催婚#,2023-05-27 01:42:36
12,社会新闻,哈尔滨回应网传副市长与交警发生冲突,13,189133,2023-05-26 23:06:32,https://s.weibo.com/weibo?q=#哈尔滨回应网传副市长与交警发生冲突#,2023-05-27 01:42:36
13,体育,张本智和哭了,14,187588,2023-05-26 23:43:32,https://s.weibo.com/weibo?q=#张本智和哭了#,2023-05-27 01:42:36
14,综艺,黄子韬淘汰谢娜,15,182089,2023-05-26 20:03:29,https://s.weibo.com/weibo?q=#黄子韬淘汰谢娜#,2023-05-27 01:42:36
15,"社会新闻,网红",何丹彤巴黎被抢劫,16,151526,2023-05-26 22:05:29,https://s.weibo.com/weibo?q=#何丹彤巴黎被抢劫#,2023-05-27 01:42:36
16,"音乐,幽默",五月天唱了粉丝在微博点的歌,17,149367,2023-05-27 00:11:30,https://s.weibo.com/weibo?q=#五月天唱了粉丝在微博点的歌#,2023-05-27 01:42:36
17,音乐,五月天唱了步步,18,143034,2023-05-26 22:30:32,https://s.weibo.com/weibo?q=#五月天唱了步步#,2023-05-27 01:42:36
18,艺人,安崎 正常恋爱,19,142683,2023-05-26 16:54:31,https://s.weibo.com/weibo?q=#安崎 正常恋爱#,2023-05-27 01:42:36
19,音乐,五月天演唱会 场控,20,138158,2023-05-26 20:44:31,https://s.weibo.com/weibo?q=#五月天演唱会 场控#,2023-05-27 01:42:36
20,社会新闻,广东6男孩被骗到缅甸失联20余天,21,137230,2023-05-27 00:18:28,https://s.weibo.com/weibo?q=#广东6男孩被骗到缅甸失联20余天#,2023-05-27 01:42:36
21,社会新闻,女子诞下百万分之一镜面宝宝,22,133282,2023-05-26 18:57:33,https://s.weibo.com/weibo?q=#女子诞下百万分之一镜面宝宝#,2023-05-27 01:42:36
22,音乐,白敬亭是自己抢票吗,23,116481,2023-05-26 21:36:30,https://s.weibo.com/weibo?q=#白敬亭是自己抢票吗#,2023-05-27 01:42:36
23,音乐,五月天演唱会嘉宾,24,114293,2023-05-27 01:25:21,https://s.weibo.com/weibo?q=#五月天演唱会嘉宾#,2023-05-27 01:42:36
24,情感,怎么跟回避型谈恋爱,25,108968,2023-05-27 00:32:28,https://s.weibo.com/weibo?q=#怎么跟回避型谈恋爱#,2023-05-27 01:42:36
25,综艺,奔跑吧这回真的有剧本,26,108015,2023-05-26 20:04:28,https://s.weibo.com/weibo?q=#奔跑吧这回真的有剧本#,2023-05-27 01:42:36
26,社会新闻,妻子离婚时才知丈夫年入300万,27,102797,2023-05-26 18:47:31,https://s.weibo.com/weibo?q=#妻子离婚时才知丈夫年入300万#,2023-05-27 01:42:36
27,音乐,五月天点歌,28,101741,2023-05-26 20:44:31,https://s.weibo.com/weibo?q=#五月天点歌#,2023-05-27 01:42:36
28,综艺,娄艺潇回复网友不参加浪姐的原因,29,101381,2023-05-26 18:41:30,https://s.weibo.com/weibo?q=#娄艺潇回复网友不参加浪姐的原因#,2023-05-27 01:42:36
29,科技,晋江防盗,30,101244,2023-05-26 22:39:32,https://s.weibo.com/weibo?q=#晋江防盗#,2023-05-27 01:42:36
30,社会新闻,女子执意推婴儿车淌水孩子不慎摔落,31,83563,2023-05-26 22:33:32,https://s.weibo.com/weibo?q=#女子执意推婴儿车淌水孩子不慎摔落#,2023-05-27 01:42:36
31,音乐,五月天 华晨宇,32,82937,2023-05-26 17:19:33,https://s.weibo.com/weibo?q=#五月天 华晨宇#,2023-05-27 01:42:36
32,音乐,五月天,33,77396,2023-05-26 19:25:31,https://s.weibo.com/weibo?q=#五月天#,2023-05-27 01:42:36
33,情感,人无法同时拥有青春和对青春的感受,34,76342,2023-05-27 00:44:26,https://s.weibo.com/weibo?q=#人无法同时拥有青春和对青春的感受#,2023-05-27 01:42:36
34,体育,陈梦,35,75063,2023-05-26 23:18:33,https://s.weibo.com/weibo?q=#陈梦#,2023-05-27 01:42:36
35,音乐,王心凌 直播,36,71393,2023-05-26 22:52:32,https://s.weibo.com/weibo?q=#王心凌 直播#,2023-05-27 01:42:36
36,社会新闻,女子用儿子名字开店被索赔12万,37,68208,2023-05-26 21:22:30,https://s.weibo.com/weibo?q=#女子用儿子名字开店被索赔12万#,2023-05-27 01:42:36
37,综艺,谢可寅舞台,38,67202,2023-05-26 21:43:31,https://s.weibo.com/weibo?q=#谢可寅舞台#,2023-05-27 01:42:36
38,影视,王鹤棣田曦薇新剧开始招募文替,39,65633,2023-05-26 18:56:30,https://s.weibo.com/weibo?q=#王鹤棣田曦薇新剧开始招募文替#,2023-05-27 01:42:36
39,社会新闻,警方通报长沙一家5口死亡,40,62149,2023-05-26 16:53:28,https://s.weibo.com/weibo?q=#警方通报长沙一家5口死亡#,2023-05-27 01:42:36
40,综艺,孙千说赵丽颖让自己变成全民情敌,41,61915,2023-05-26 23:43:32,https://s.weibo.com/weibo?q=#孙千说赵丽颖让自己变成全民情敌#,2023-05-27 01:42:36
41,社会新闻,交警处罚违停奥迪反遭怼,42,61558,2023-05-27 01:24:21,https://s.weibo.com/weibo?q=#交警处罚违停奥迪反遭怼#,2023-05-27 01:42:36
42,综艺,向往的生活,43,60420,2023-05-26 21:53:30,https://s.weibo.com/weibo?q=#向往的生活#,2023-05-27 01:42:36
43,体育,陈梦4比0伊藤美诚,44,57927,2023-05-27 00:05:30,https://s.weibo.com/weibo?q=#陈梦4比0伊藤美诚#,2023-05-27 01:42:36
44,"科技,财经",手机销量差是因为卖的贵吗,45,56248,2023-05-26 18:04:31,https://s.weibo.com/weibo?q=#手机销量差是因为卖的贵吗#,2023-05-27 01:42:36
45,社会新闻,日本地震,46,52426,2023-05-26 18:28:30,https://s.weibo.com/weibo?q=#日本地震#,2023-05-27 01:42:36
46,影视,白玉兰提名,47,51976,2023-05-26 20:00:31,https://s.weibo.com/weibo?q=#白玉兰提名#,2023-05-27 01:42:36
47,幽默,年少时不能遇见太惊艳的猴,48,51567,2023-05-26 20:28:30,https://s.weibo.com/weibo?q=#年少时不能遇见太惊艳的猴#,2023-05-27 01:42:36
48,"社会新闻,影视",甄嬛传演到滴血认亲食堂大姨忘了工作,49,51463,2023-05-26 18:01:34,https://s.weibo.com/weibo?q=#甄嬛传演到滴血认亲食堂大姨忘了工作#,2023-05-27 01:42:36
49,影视,后浪,50,51119,2023-05-27 00:52:25,https://s.weibo.com/weibo?q=#后浪#,2023-05-27 01:42:36
99,体育,梁靖崑vs张本智和,50,30619,2023-05-26 22:41:33,https://s.weibo.com/weibo?q=#梁靖崑vs张本智和#,2023-05-27 02:42:36
129,体育,樊振东王楚钦男双晋级四强,30,29723,2023-05-25 20:58:30,https://s.weibo.com/weibo?q=#樊振东王楚钦男双晋级四强#,2023-05-27 03:42:37
132,音乐,五月天白安再唱人生海海,33,28481,2023-05-27 02:43:14,https://s.weibo.com/weibo?q=#五月天白安再唱人生海海#,2023-05-27 03:42:37
143,艺人,赵露思又去迪士尼的原因,44,25117,2023-05-27 03:31:13,https://s.weibo.com/weibo?q=#赵露思又去迪士尼的原因#,2023-05-27 03:42:37
178,音乐,五月天演唱会,29,24171,2023-05-26 17:36:33,https://s.weibo.com/weibo?q=#五月天演唱会#,2023-05-27 04:42:37
254,社会新闻,巴厘岛,5,209323,2023-05-27 05:33:13,https://s.weibo.com/weibo?q=#巴厘岛#,2023-05-27 06:42:38
304,体育,孙颖莎王曼昱0比3田志希申裕斌,5,440310,2023-05-27 07:09:18,https://s.weibo.com/weibo?q=#孙颖莎王曼昱0比3田志希申裕斌#,2023-05-27 07:42:38
306,社会新闻,猝死的人都有这些规律,7,366412,2023-05-27 07:02:17,https://s.weibo.com/weibo?q=#猝死的人都有这些规律#,2023-05-27 07:42:38
317,体育,王艺迪3比4早田希娜,18,168741,2023-05-27 07:21:19,https://s.weibo.com/weibo?q=#王艺迪3比4早田希娜#,2023-05-27 07:42:38
320,影视,白玉兰,21,144562,2023-05-27 07:26:21,https://s.weibo.com/weibo?q=#白玉兰#,2023-05-27 07:42:38
321,社会新闻,3岁女孩突然给父母说我没有房子了,22,142928,2023-05-27 07:32:20,https://s.weibo.com/weibo?q=#3岁女孩突然给父母说我没有房子了#,2023-05-27 07:42:38
322,体育,海产状态,23,140355,2023-05-27 07:22:19,https://s.weibo.com/weibo?q=#海产状态#,2023-05-27 07:42:38
327,社会新闻,坐高铁拍河南麦田当事人回应争议,28,123122,2023-05-27 07:23:21,https://s.weibo.com/weibo?q=#坐高铁拍河南麦田当事人回应争议#,2023-05-27 07:42:38
328,体育,女双,29,114202,2023-05-27 07:22:19,https://s.weibo.com/weibo?q=#女双#,2023-05-27 07:42:38
330,社会新闻,35岁模特患厌食症去世时仅23公斤,31,110543,2023-05-27 07:23:21,https://s.weibo.com/weibo?q=#35岁模特患厌食症去世时仅23公斤#,2023-05-27 07:42:38
331,幽默,野外生活的大熊猫也很幸福 因为有妈妈在,32,109382,2023-05-27 07:02:17,https://s.weibo.com/weibo?q=#野外生活的大熊猫也很幸福 因为有妈妈在#,2023-05-27 07:42:38
333,体育,德班世乒赛,34,94122,2023-05-27 07:12:20,https://s.weibo.com/weibo?q=#德班世乒赛#,2023-05-27 07:42:38
339,体育,韩方称要做好亚运会不公平待遇准备,40,81080,2023-05-27 07:35:22,https://s.weibo.com/weibo?q=#韩方称要做好亚运会不公平待遇准备#,2023-05-27 07:42:38
345,体育,马琳,46,69290,2023-05-27 07:40:22,https://s.weibo.com/weibo?q=#马琳#,2023-05-27 07:42:38
347,社会新闻,民警深夜请吃面鼓励失业小伙,48,67134,2023-05-27 07:20:22,https://s.weibo.com/weibo?q=#民警深夜请吃面鼓励失业小伙#,2023-05-27 07:42:38
350,幽默,一千多赞的朋友圈原来长这样,1,1598968,2023-05-27 07:50:24,https://s.weibo.com/weibo?q=#一千多赞的朋友圈原来长这样#,2023-05-27 08:42:39
360,作品衍生,美依礼芽的坐姿,11,352426,2023-05-27 08:06:26,https://s.weibo.com/weibo?q=#美依礼芽的坐姿#,2023-05-27 08:42:39
364,艺人,薛之谦司机今天拉的是盗版凤凰传奇,15,265575,2023-05-27 08:03:26,https://s.weibo.com/weibo?q=#薛之谦司机今天拉的是盗版凤凰传奇#,2023-05-27 08:42:39
371,"社会新闻,情感",探望隔离满月的丫丫,22,175163,2023-05-27 07:44:24,https://s.weibo.com/weibo?q=#探望隔离满月的丫丫#,2023-05-27 08:42:39
374,社会新闻,河北一派出所烟花取样时发生爆炸,25,164639,2023-05-27 08:40:28,https://s.weibo.com/weibo?q=#河北一派出所烟花取样时发生爆炸#,2023-05-27 08:42:39
375,艺人,王鹤棣重庆,26,151230,2023-05-27 08:09:26,https://s.weibo.com/weibo?q=#王鹤棣重庆#,2023-05-27 08:42:39
380,社会新闻,别用冷水化肉,31,128008,2023-05-27 08:08:25,https://s.weibo.com/weibo?q=#别用冷水化肉#,2023-05-27 08:42:39
381,"幽默,艺人",连把五月天文身上的人都没抢到票,32,127800,2023-05-27 08:26:28,https://s.weibo.com/weibo?q=#连把五月天文身上的人都没抢到票#,2023-05-27 08:42:39
382,社会新闻,古人吃剩的螺蛳壳堆成一座山,33,127257,2023-05-27 08:29:29,https://s.weibo.com/weibo?q=#古人吃剩的螺蛳壳堆成一座山#,2023-05-27 08:42:39
383,"社会新闻,科技",为啥年轻人不换新手机了,34,126839,2023-05-27 08:38:29,https://s.weibo.com/weibo?q=#为啥年轻人不换新手机了#,2023-05-27 08:42:39
388,音乐,五月天cue了鸟巢外面的人,39,118735,2023-05-27 08:33:27,https://s.weibo.com/weibo?q=#五月天cue了鸟巢外面的人#,2023-05-27 08:42:39
393,艺人,徐明浩文俊辉是在迎宾吗,44,105305,2023-05-27 08:36:28,https://s.weibo.com/weibo?q=#徐明浩文俊辉是在迎宾吗#,2023-05-27 08:42:39
397,体育,马龙4比1林高远,48,98295,2023-05-27 07:50:24,https://s.weibo.com/weibo?q=#马龙4比1林高远#,2023-05-27 08:42:39
399,时尚,多巴胺穿搭,50,92210,2023-05-27 08:42:27,https://s.weibo.com/weibo?q=#多巴胺穿搭#,2023-05-27 08:42:39
405,音乐,五月天又放票了,6,645839,2023-05-27 09:08:28,https://s.weibo.com/weibo?q=#五月天又放票了#,2023-05-27 09:42:39
410,社会新闻,长沙一家五口命案邻居发声,11,416228,2023-05-27 09:05:29,https://s.weibo.com/weibo?q=#长沙一家五口命案邻居发声#,2023-05-27 09:42:39
418,影视,观音菩萨杨紫琼,19,266537,2023-05-27 09:15:28,https://s.weibo.com/weibo?q=#观音菩萨杨紫琼#,2023-05-27 09:42:39
420,社会新闻,女主播给15岁男孩发半裸照片骗打赏,21,248868,2023-05-27 09:04:30,https://s.weibo.com/weibo?q=#女主播给15岁男孩发半裸照片骗打赏#,2023-05-27 09:42:39
422,情感,你觉得分手真的有必要互删吗,23,246996,2023-05-27 09:23:28,https://s.weibo.com/weibo?q=#你觉得分手真的有必要互删吗#,2023-05-27 09:42:39
427,艺人,爱豆谈恋爱,28,214200,2023-05-27 09:24:29,https://s.weibo.com/weibo?q=#爱豆谈恋爱#,2023-05-27 09:42:39
428,综艺,张凌赫好惨一男的,29,197845,2023-05-27 09:34:30,https://s.weibo.com/weibo?q=#张凌赫好惨一男的#,2023-05-27 09:42:39
429,影视,难怪吴磊说侯明昊好看,30,197749,2023-05-27 09:07:29,https://s.weibo.com/weibo?q=#难怪吴磊说侯明昊好看#,2023-05-27 09:42:39
430,音乐,这跟坐在白敬亭怀里有什么区别,31,195697,2023-05-27 09:28:30,https://s.weibo.com/weibo?q=#这跟坐在白敬亭怀里有什么区别#,2023-05-27 09:42:39
433,综艺,谢娜发火只有马伯骞紧张了,34,183505,2023-05-27 08:54:27,https://s.weibo.com/weibo?q=#谢娜发火只有马伯骞紧张了#,2023-05-27 09:42:39
435,社会新闻,熊孩子剪掉女子头发家长赔1万合理吗,36,182786,2023-05-27 09:21:28,https://s.weibo.com/weibo?q=#熊孩子剪掉女子头发家长赔1万合理吗#,2023-05-27 09:42:39
436,影视,周也戴了72条珠链,37,181900,2023-05-27 08:19:26,https://s.weibo.com/weibo?q=#周也戴了72条珠链#,2023-05-27 09:42:39
439,音乐,熊梓淇五月天演唱会含泪喊到沙哑,40,164381,2023-05-27 09:08:28,https://s.weibo.com/weibo?q=#熊梓淇五月天演唱会含泪喊到沙哑#,2023-05-27 09:42:39
442,综艺,周迅觉得何炅黄磊太像空巢老人,43,139538,2023-05-27 09:03:31,https://s.weibo.com/weibo?q=#周迅觉得何炅黄磊太像空巢老人#,2023-05-27 09:42:39
446,社会新闻,高速上飞奔清路障的鲁A车主找到了,47,117330,2023-05-27 09:39:28,https://s.weibo.com/weibo?q=#高速上飞奔清路障的鲁A车主找到了#,2023-05-27 09:42:39
451,"社会新闻,艺人",逃犯去看周杰伦演唱会路上被抓,2,1125670,2023-05-27 09:49:27,https://s.weibo.com/weibo?q=#逃犯去看周杰伦演唱会路上被抓#,2023-05-27 10:42:40
456,社会新闻,大学生掏鸟案当事人已出狱,7,599356,2023-05-27 09:55:27,https://s.weibo.com/weibo?q=#大学生掏鸟案当事人已出狱#,2023-05-27 10:42:40
465,社会新闻,表兄妹结婚10年育1子被判婚姻无效,16,286656,2023-05-27 00:39:24,https://s.weibo.com/weibo?q=#表兄妹结婚10年育1子被判婚姻无效#,2023-05-27 10:42:40
466,"情感,幽默",恋爱中很多人的忠诚都是演的,17,281563,2023-05-27 10:08:27,https://s.weibo.com/weibo?q=#恋爱中很多人的忠诚都是演的#,2023-05-27 10:42:40
471,"音乐,幽默",今天好多人开演唱会,22,215941,2023-05-27 10:19:28,https://s.weibo.com/weibo?q=#今天好多人开演唱会#,2023-05-27 10:42:40
473,幽默,真的建议不要买开口的榴莲,24,213105,2023-05-27 10:29:29,https://s.weibo.com/weibo?q=#真的建议不要买开口的榴莲#,2023-05-27 10:42:40
476,社会新闻,永久关闭6万多个自媒体账号,27,210724,2023-05-27 10:34:29,https://s.weibo.com/weibo?q=#永久关闭6万多个自媒体账号#,2023-05-27 10:42:40
480,"情感,幽默",上班之后最大的感受 收窄了,31,184062,2023-05-27 10:01:28,https://s.weibo.com/weibo?q=#上班之后最大的感受 收窄了#,2023-05-27 10:42:40
484,综艺,原来王诗龄最苦的时间是录爸爸去哪儿,35,180690,2023-05-27 10:22:29,https://s.weibo.com/weibo?q=#原来王诗龄最苦的时间是录爸爸去哪儿#,2023-05-27 10:42:40
485,音乐,wmls,36,180330,2023-05-27 09:48:29,https://s.weibo.com/weibo?q=#wmls#,2023-05-27 10:42:40
492,社会新闻,外卖小哥送餐时发现罂粟后报警,43,150983,2023-05-27 10:31:28,https://s.weibo.com/weibo?q=#外卖小哥送餐时发现罂粟后报警#,2023-05-27 10:42:40
495,社会新闻,男子租房7年将家变成人生博物馆,46,130546,2023-05-27 10:41:27,https://s.weibo.com/weibo?q=#男子租房7年将家变成人生博物馆#,2023-05-27 10:42:40
499,幽默,韩国人对花花的评价,50,121270,2023-05-27 10:42:27,https://s.weibo.com/weibo?q=#韩国人对花花的评价#,2023-05-27 10:42:40
503,综艺,秋瓷炫南韩酒鬼人设,4,1116663,2023-05-27 10:50:30,https://s.weibo.com/weibo?q=#秋瓷炫南韩酒鬼人设#,2023-05-27 11:42:40
509,音乐,一个舞BLACKPINK跳出了四种感觉,10,490723,2023-05-27 11:19:29,https://s.weibo.com/weibo?q=#一个舞BLACKPINK跳出了四种感觉#,2023-05-27 11:42:40
512,音乐,鹿晗 抢票,13,426341,2023-05-27 10:59:28,https://s.weibo.com/weibo?q=#鹿晗 抢票#,2023-05-27 11:42:40
519,音乐,昆卡,20,207737,2023-05-27 11:25:28,https://s.weibo.com/weibo?q=#昆卡#,2023-05-27 11:42:40
520,幽默,遇到一米八三的不要去要微信,21,207685,2023-05-27 11:26:28,https://s.weibo.com/weibo?q=#遇到一米八三的不要去要微信#,2023-05-27 11:42:40
524,"社会新闻,情感",哥哥嫌给妹妹起的名字土崩溃大哭,25,206332,2023-05-27 11:22:28,https://s.weibo.com/weibo?q=#哥哥嫌给妹妹起的名字土崩溃大哭#,2023-05-27 11:42:40
525,综艺,秦霄贤坐轮椅录制好六,26,206250,2023-05-27 11:07:27,https://s.weibo.com/weibo?q=#秦霄贤坐轮椅录制好六#,2023-05-27 11:42:40
527,综艺,你好星期六,28,205693,2023-05-27 11:35:30,https://s.weibo.com/weibo?q=#你好星期六#,2023-05-27 11:42:40
528,音乐,华莎美国公演舞台露上衣,29,201826,2023-05-27 11:17:30,https://s.weibo.com/weibo?q=#华莎美国公演舞台露上衣#,2023-05-27 11:42:40
529,社会新闻,孕妇地铁站内流血民警暖心守候,30,198464,2023-05-27 11:07:27,https://s.weibo.com/weibo?q=#孕妇地铁站内流血民警暖心守候#,2023-05-27 11:42:40
530,作品衍生,迪丽热巴公诉时尚大片,31,198347,2023-05-27 11:42:27,https://s.weibo.com/weibo?q=#迪丽热巴公诉时尚大片#,2023-05-27 11:42:40
534,艺人,成毅蔡徐坤今日微博开屏,35,152726,2023-05-27 11:12:31,https://s.weibo.com/weibo?q=#成毅蔡徐坤今日微博开屏#,2023-05-27 11:42:40
549,艺人,王一博青岛,50,102252,2023-05-27 11:41:27,https://s.weibo.com/weibo?q=#王一博青岛#,2023-05-27 11:42:40
552,社会新闻,珠峰上的生命接力,3,1137130,2023-05-27 12:41:26,https://s.weibo.com/weibo?q=#珠峰上的生命接力#,2023-05-27 12:42:40
554,社会新闻,4位二阳患者自述感染经历,5,918523,2023-05-27 12:01:28,https://s.weibo.com/weibo?q=#4位二阳患者自述感染经历#,2023-05-27 12:42:40
560,音乐,张杰南京,11,455216,2023-05-27 12:29:28,https://s.weibo.com/weibo?q=#张杰南京#,2023-05-27 12:42:40
569,社会新闻,河北一派出所发生爆炸致4死2失联,20,283322,2023-05-27 12:10:28,https://s.weibo.com/weibo?q=#河北一派出所发生爆炸致4死2失联#,2023-05-27 12:42:40
571,艺人,王一博书包上系丝巾,22,282145,2023-05-27 12:34:28,https://s.weibo.com/weibo?q=#王一博书包上系丝巾#,2023-05-27 12:42:40
575,美食,星卡里,26,257624,2023-05-27 12:26:28,https://s.weibo.com/weibo?q=#星卡里#,2023-05-27 12:42:40
577,综艺,浪姐二公,28,241658,2023-05-27 12:23:27,https://s.weibo.com/weibo?q=#浪姐二公#,2023-05-27 12:42:40
581,音乐,Karma MV,32,206454,2023-05-27 12:34:28,https://s.weibo.com/weibo?q=#Karma MV#,2023-05-27 12:42:40
582,综艺,张嘉倪剪影身材,33,202521,2023-05-27 12:18:28,https://s.weibo.com/weibo?q=#张嘉倪剪影身材#,2023-05-27 12:42:40
583,影视,三分野加更,34,201885,2023-05-27 12:29:28,https://s.weibo.com/weibo?q=#三分野加更#,2023-05-27 12:42:40
585,影视,小美人鱼,36,187699,2023-05-27 11:52:28,https://s.weibo.com/weibo?q=#小美人鱼#,2023-05-27 12:42:40
589,"科技,社会新闻",孙笑川吧吧主获得百度贴吧优秀吧主奖,40,157866,2023-05-27 12:34:28,https://s.weibo.com/weibo?q=#孙笑川吧吧主获得百度贴吧优秀吧主奖#,2023-05-27 12:42:40
592,"教育,情感",给我一顶毕业帽,43,139950,2023-05-27 12:26:28,https://s.weibo.com/weibo?q=#给我一顶毕业帽#,2023-05-27 12:42:40
595,作品衍生,内娱影圈四子,46,131866,2023-05-27 12:39:28,https://s.weibo.com/weibo?q=#内娱影圈四子#,2023-05-27 12:42:40
602,社会新闻,看夏收画卷在祖国各地徐徐展开,3,1110779,2023-05-27 12:48:29,https://s.weibo.com/weibo?q=#看夏收画卷在祖国各地徐徐展开#,2023-05-27 13:42:41
603,国外要闻,塞尔维亚,4,1078994,2023-05-27 12:50:30,https://s.weibo.com/weibo?q=#塞尔维亚#,2023-05-27 13:42:41
605,综艺,徐怀钰眼里有光了,6,831898,2023-05-27 13:24:28,https://s.weibo.com/weibo?q=#徐怀钰眼里有光了#,2023-05-27 13:42:41
606,综艺,陈意涵大哭,7,748572,2023-05-27 13:15:26,https://s.weibo.com/weibo?q=#陈意涵大哭#,2023-05-27 13:42:41
609,综艺,Amber谢欣第一,10,592029,2023-05-27 12:46:29,https://s.weibo.com/weibo?q=#Amber谢欣第一#,2023-05-27 13:42:41
612,综艺,迷迭香二公最佳,13,490363,2023-05-27 13:01:30,https://s.weibo.com/weibo?q=#迷迭香二公最佳#,2023-05-27 13:42:41
621,幽默,伴娘为什么一定要未婚才行,22,272336,2023-05-27 12:45:29,https://s.weibo.com/weibo?q=#伴娘为什么一定要未婚才行#,2023-05-27 13:42:41
622,艺人,关晓彤酒蒙子,23,271774,2023-05-27 13:22:26,https://s.weibo.com/weibo?q=#关晓彤酒蒙子#,2023-05-27 13:42:41
624,社会新闻,大熊猫丫丫即将结束隔离,25,219228,2023-05-27 13:31:28,https://s.weibo.com/weibo?q=#大熊猫丫丫即将结束隔离#,2023-05-27 13:42:41
625,综艺,汪小敏 淘汰,26,219218,2023-05-27 13:16:28,https://s.weibo.com/weibo?q=#汪小敏 淘汰#,2023-05-27 13:42:41
626,综艺,芝芙空中吊环倒立出场,27,219168,2023-05-27 13:02:28,https://s.weibo.com/weibo?q=#芝芙空中吊环倒立出场#,2023-05-27 13:42:41
631,综艺,从头,32,210402,2023-05-27 13:23:28,https://s.weibo.com/weibo?q=#从头#,2023-05-27 13:42:41
632,综艺,全员加速中,33,203708,2023-05-27 12:46:29,https://s.weibo.com/weibo?q=#全员加速中#,2023-05-27 13:42:41
633,"财经,社会新闻",2850元拍下价值8万茅台后续,34,195287,2023-05-27 13:09:25,https://s.weibo.com/weibo?q=#2850元拍下价值8万茅台后续#,2023-05-27 13:42:41
636,综艺,Amber谢欣把所有姐姐舞台编一起拉票,37,193317,2023-05-27 13:31:28,https://s.weibo.com/weibo?q=#Amber谢欣把所有姐姐舞台编一起拉票#,2023-05-27 13:42:41
641,社会新闻,萌兰舅舅的电动马达臀已炼成,42,143273,2023-05-27 13:18:27,https://s.weibo.com/weibo?q=#萌兰舅舅的电动马达臀已炼成#,2023-05-27 13:42:41
646,作品衍生,林娜琏看到恶评的反应,47,127303,2023-05-27 12:47:28,https://s.weibo.com/weibo?q=#林娜琏看到恶评的反应#,2023-05-27 13:42:41
649,情感,判断一个行业对女性是否友好,50,103830,2023-05-27 13:30:27,https://s.weibo.com/weibo?q=#判断一个行业对女性是否友好#,2023-05-27 13:42:41
653,"幽默,艺人",李玉刚四美图被认成回美国,4,938006,2023-05-27 13:51:28,https://s.weibo.com/weibo?q=#李玉刚四美图被认成回美国#,2023-05-27 14:42:41
659,音乐,王心凌耳返没声音盲唱,10,403407,2023-05-27 14:07:26,https://s.weibo.com/weibo?q=#王心凌耳返没声音盲唱#,2023-05-27 14:42:41
660,情感,国际生 职高生,11,401218,2023-05-27 14:05:28,https://s.weibo.com/weibo?q=#国际生 职高生#,2023-05-27 14:42:41
665,社会新闻,白色大熊猫,16,321159,2023-05-27 14:07:26,https://s.weibo.com/weibo?q=#白色大熊猫#,2023-05-27 14:42:41
666,艺人,乐华,17,291814,2023-05-27 14:33:27,https://s.weibo.com/weibo?q=#乐华#,2023-05-27 14:42:41
668,情感,有人坐过以前公交车的这个位置吗,19,268386,2023-05-27 13:49:27,https://s.weibo.com/weibo?q=#有人坐过以前公交车的这个位置吗#,2023-05-27 14:42:41
671,音乐,五月天杭州演唱会官宣,22,235288,2023-05-27 14:28:26,https://s.weibo.com/weibo?q=#五月天杭州演唱会官宣#,2023-05-27 14:42:41
676,音乐,张云雷演唱会,27,207760,2023-05-27 14:37:28,https://s.weibo.com/weibo?q=#张云雷演唱会#,2023-05-27 14:42:41
686,音乐,鹿晗演唱会广州站售罄,37,152900,2023-05-27 13:45:28,https://s.weibo.com/weibo?q=#鹿晗演唱会广州站售罄#,2023-05-27 14:42:41
687,影视,美人鱼,38,152496,2023-05-27 14:26:27,https://s.weibo.com/weibo?q=#美人鱼#,2023-05-27 14:42:41
690,综艺,Amber谢欣 封神,41,144165,2023-05-27 14:18:27,https://s.weibo.com/weibo?q=#Amber谢欣 封神#,2023-05-27 14:42:41
692,社会新闻,5名袖珍人组建杀虫灭鼠队,43,143921,2023-05-27 14:27:26,https://s.weibo.com/weibo?q=#5名袖珍人组建杀虫灭鼠队#,2023-05-27 14:42:41
695,综艺,龚琳娜演我嗑刘雅瑟芝芙,46,120726,2023-05-27 13:53:29,https://s.weibo.com/weibo?q=#龚琳娜演我嗑刘雅瑟芝芙#,2023-05-27 14:42:41
696,综艺,被种地吧急寻兽医经过感动了,47,120091,2023-05-27 14:26:27,https://s.weibo.com/weibo?q=#被种地吧急寻兽医经过感动了#,2023-05-27 14:42:41
698,其它,奶茶杯子压容量,49,112667,2023-05-27 14:35:27,https://s.weibo.com/weibo?q=#奶茶杯子压容量#,2023-05-27 14:42:41
699,动漫,小舞第九魂技,50,112601,2023-05-27 14:30:29,https://s.weibo.com/weibo?q=#小舞第九魂技#,2023-05-27 14:42:41
708,艺人,王一博方坚决抵制追私行为,9,443968,2023-05-27 15:11:28,https://s.weibo.com/weibo?q=#王一博方坚决抵制追私行为#,2023-05-27 15:42:42
710,综艺,韩庚是卢靖姗组舞台顾问,11,404990,2023-05-27 14:34:30,https://s.weibo.com/weibo?q=#韩庚是卢靖姗组舞台顾问#,2023-05-27 15:42:42
711,"科技,社会新闻",重庆市在TikTok上成功出圈,12,399344,2023-05-27 15:18:27,https://s.weibo.com/weibo?q=#重庆市在TikTok上成功出圈#,2023-05-27 15:42:42
713,"社会新闻,教育",宝鸡一高中校长在教育局办公室被打,14,368695,2023-05-27 14:51:29,https://s.weibo.com/weibo?q=#宝鸡一高中校长在教育局办公室被打#,2023-05-27 15:42:42
714,社会新闻,折叠男孩首次手术效果超预期,15,363631,2023-05-27 15:00:00,https://s.weibo.com/weibo?q=#折叠男孩首次手术效果超预期#,2023-05-27 15:42:42
717,艺人,王一博纯甄见面会,18,294713,2023-05-27 14:54:27,https://s.weibo.com/weibo?q=#王一博纯甄见面会#,2023-05-27 15:42:42
725,游戏,WBG官宣Weiwei加入,26,259136,2023-05-27 15:16:27,https://s.weibo.com/weibo?q=#WBG官宣Weiwei加入#,2023-05-27 15:42:42
728,社会新闻,二阳是因为免疫力到期了吗,29,229693,2023-05-27 15:23:28,https://s.weibo.com/weibo?q=#二阳是因为免疫力到期了吗#,2023-05-27 15:42:42
729,艺人,王鹤棣重庆活动人气,30,226545,2023-05-27 15:10:27,https://s.weibo.com/weibo?q=#王鹤棣重庆活动人气#,2023-05-27 15:42:42
734,情感,过了三十岁就必须要结婚吗,35,165857,2023-05-27 15:29:26,https://s.weibo.com/weibo?q=#过了三十岁就必须要结婚吗#,2023-05-27 15:42:42
736,艺人,陆虎首次公开领证细节,37,153974,2023-05-27 15:37:30,https://s.weibo.com/weibo?q=#陆虎首次公开领证细节#,2023-05-27 15:42:42
752,社会新闻,为中国式现代化建设先行探路,3,634494,2023-05-27 16:00:27,https://s.weibo.com/weibo?q=#为中国式现代化建设先行探路#,2023-05-27 17:42:42
755,社会新闻,小孩学动画片撑伞从26楼跳下,6,565872,2023-05-27 15:45:27,https://s.weibo.com/weibo?q=#小孩学动画片撑伞从26楼跳下#,2023-05-27 17:42:42
758,"教育,社会新闻",班主任带双胞胎走廊写作业陪学生备战高考,9,430948,2023-05-27 16:19:28,https://s.weibo.com/weibo?q=#班主任带双胞胎走廊写作业陪学生备战高考#,2023-05-27 17:42:42
759,社会新闻,保洁阿姨为护女孩用身体挡住大狗,10,400066,2023-05-27 16:37:28,https://s.weibo.com/weibo?q=#保洁阿姨为护女孩用身体挡住大狗#,2023-05-27 17:42:42
760,影视,肖战杨紫 天骄,11,393621,2023-05-27 15:46:26,https://s.weibo.com/weibo?q=#肖战杨紫 天骄#,2023-05-27 17:42:42
761,音乐,安崎承认恋情后开麦初舞台,12,375904,2023-05-27 16:27:29,https://s.weibo.com/weibo?q=#安崎承认恋情后开麦初舞台#,2023-05-27 17:42:42
762,情感,面试完给了20元打车费,13,365675,2023-05-27 17:16:28,https://s.weibo.com/weibo?q=#面试完给了20元打车费#,2023-05-27 17:42:42
763,综艺,乘风二公总排名,14,348454,2023-05-27 16:35:29,https://s.weibo.com/weibo?q=#乘风二公总排名#,2023-05-27 17:42:42
764,"财经,科技",被格力在国际标准的话语权震惊到,15,318121,2023-05-27 17:00:00,https://s.weibo.com/weibo?q=#被格力在国际标准的话语权震惊到#,2023-05-27 17:42:42
771,社会新闻,妻子偏瘫丈夫26次提出离婚,22,197023,2023-05-27 16:33:28,https://s.weibo.com/weibo?q=#妻子偏瘫丈夫26次提出离婚#,2023-05-27 17:42:42
772,影视,杨幂宫锁心玉海报细节,23,192320,2023-05-27 16:53:29,https://s.weibo.com/weibo?q=#杨幂宫锁心玉海报细节#,2023-05-27 17:42:42
773,"幽默,情感",假如有30岁不结婚赔700万的保险,24,190308,2023-05-27 16:57:28,https://s.weibo.com/weibo?q=#假如有30岁不结婚赔700万的保险#,2023-05-27 17:42:42
774,综艺,徐明浩脱衣服干活,25,185870,2023-05-27 17:05:29,https://s.weibo.com/weibo?q=#徐明浩脱衣服干活#,2023-05-27 17:42:42
776,"教育,社会新闻",临沂教师编,27,176306,2023-05-27 16:53:29,https://s.weibo.com/weibo?q=#临沂教师编#,2023-05-27 17:42:42
779,影视,锁爱三生 好土好土好好看,30,157069,2023-05-27 17:33:27,https://s.weibo.com/weibo?q=#锁爱三生 好土好土好好看#,2023-05-27 17:42:42
780,艺人,王一博没有想和粉丝一起做的事情,31,156448,2023-05-27 17:35:28,https://s.weibo.com/weibo?q=#王一博没有想和粉丝一起做的事情#,2023-05-27 17:42:42
781,社会新闻,9岁男孩失踪13年尸骨现身山林地缝,32,156065,2023-05-27 17:35:28,https://s.weibo.com/weibo?q=#9岁男孩失踪13年尸骨现身山林地缝#,2023-05-27 17:42:42
782,游戏,JDG官宣2023夏季赛大名单,33,156022,2023-05-27 16:56:28,https://s.weibo.com/weibo?q=#JDG官宣2023夏季赛大名单#,2023-05-27 17:42:42
785,社会新闻,非婚生育,36,136332,2023-05-27 17:37:28,https://s.weibo.com/weibo?q=#非婚生育#,2023-05-27 17:42:42
786,音乐,五月天旧版荧光棒能场控了,37,133663,2023-05-27 16:08:28,https://s.weibo.com/weibo?q=#五月天旧版荧光棒能场控了#,2023-05-27 17:42:42
787,音乐,鹿晗派对dresscode,38,128359,2023-05-27 15:49:27,https://s.weibo.com/weibo?q=#鹿晗派对dresscode#,2023-05-27 17:42:42
792,艺人,陈哲远太原,43,118635,2023-05-27 15:52:28,https://s.weibo.com/weibo?q=#陈哲远太原#,2023-05-27 17:42:42
799,影视,长空之王综合票房破8亿,50,101987,2023-05-27 16:32:27,https://s.weibo.com/weibo?q=#长空之王综合票房破8亿#,2023-05-27 17:42:42
813,音乐,五月天鸟巢演唱会,14,480019,2023-05-27 18:00:28,https://s.weibo.com/weibo?q=#五月天鸟巢演唱会#,2023-05-27 18:42:43
814,作品衍生,高叶说走到戛纳像做梦,15,445530,2023-05-27 18:00:00,https://s.weibo.com/weibo?q=#高叶说走到戛纳像做梦#,2023-05-27 18:42:43
816,国内要闻,香港公民党宣布解散,17,426593,2023-05-27 17:53:29,https://s.weibo.com/weibo?q=#香港公民党宣布解散#,2023-05-27 18:42:43
817,作品衍生,我在惊悚游戏里封神,18,284523,2023-05-27 17:50:27,https://s.weibo.com/weibo?q=#我在惊悚游戏里封神#,2023-05-27 18:42:43
818,游戏,LOL亚运征途不派出现役选手,19,267146,2023-05-27 18:04:27,https://s.weibo.com/weibo?q=#LOL亚运征途不派出现役选手#,2023-05-27 18:42:43
820,艺人,李玉刚 你们销量不好是有原因的,21,253875,2023-05-27 18:28:27,https://s.weibo.com/weibo?q=#李玉刚 你们销量不好是有原因的#,2023-05-27 18:42:43
821,音乐,张杰三月高能拉麦,22,251636,2023-05-27 18:36:28,https://s.weibo.com/weibo?q=#张杰三月高能拉麦#,2023-05-27 18:42:43
824,影视,少年白马醉春风,25,243877,2023-05-27 18:28:27,https://s.weibo.com/weibo?q=#少年白马醉春风#,2023-05-27 18:42:43
827,"社会新闻,美食",奶茶店回应杯子压容量,28,206642,2023-05-27 17:56:28,https://s.weibo.com/weibo?q=#奶茶店回应杯子压容量#,2023-05-27 18:42:43
835,音乐,薛之谦演唱会,36,164910,2023-05-27 17:55:28,https://s.weibo.com/weibo?q=#薛之谦演唱会#,2023-05-27 18:42:43
836,影视,锁爱三生,37,157674,2023-05-27 18:05:29,https://s.weibo.com/weibo?q=#锁爱三生#,2023-05-27 18:42:43
837,情感,唐朝真的很强吗,38,142169,2023-05-27 18:14:28,https://s.weibo.com/weibo?q=#唐朝真的很强吗#,2023-05-27 18:42:43
838,"情感,教育",这个毕设也太高级了,39,135425,2023-05-27 18:19:28,https://s.weibo.com/weibo?q=#这个毕设也太高级了#,2023-05-27 18:42:43
839,音乐,杨千嬅广州演唱会,40,131831,2023-05-27 18:40:28,https://s.weibo.com/weibo?q=#杨千嬅广州演唱会#,2023-05-27 18:42:43
842,"情感,幽默",你有身高或身材焦虑吗,43,116245,2023-05-27 18:36:28,https://s.weibo.com/weibo?q=#你有身高或身材焦虑吗#,2023-05-27 18:42:43
843,情感,南方的蚊子有多毒,44,115404,2023-05-27 17:50:27,https://s.weibo.com/weibo?q=#南方的蚊子有多毒#,2023-05-27 18:42:43
845,社会新闻,你喝奶茶关注过杯子容量吗,46,112905,2023-05-27 18:08:28,https://s.weibo.com/weibo?q=#你喝奶茶关注过杯子容量吗#,2023-05-27 18:42:43
849,影视,海浪电影周,50,95157,2023-05-27 18:42:26,https://s.weibo.com/weibo?q=#海浪电影周#,2023-05-27 18:42:43
853,综艺,那英唱掉了全程开大,4,1181949,2023-05-27 18:59:27,https://s.weibo.com/weibo?q=#那英唱掉了全程开大#,2023-05-27 19:42:43
862,作品衍生,锦瑟,13,321118,2023-05-27 19:07:27,https://s.weibo.com/weibo?q=#锦瑟#,2023-05-27 19:42:43
864,体育,凯尔登约翰逊泰裤辣,15,317947,2023-05-27 19:00:00,https://s.weibo.com/weibo?q=#凯尔登约翰逊泰裤辣#,2023-05-27 19:42:43
865,体育,孙颖莎vs早田希娜,16,315895,2023-05-27 19:36:27,https://s.weibo.com/weibo?q=#孙颖莎vs早田希娜#,2023-05-27 19:42:43
866,艺人,李承铉连续九年给戚薇庆祝527,17,312646,2023-05-27 18:58:28,https://s.weibo.com/weibo?q=#李承铉连续九年给戚薇庆祝527#,2023-05-27 19:42:43
871,音乐,Lisa彩排生图,22,286854,2023-05-27 19:06:27,https://s.weibo.com/weibo?q=#Lisa彩排生图#,2023-05-27 19:42:43
874,综艺,曾可妮直播哭了,25,268106,2023-05-27 19:18:28,https://s.weibo.com/weibo?q=#曾可妮直播哭了#,2023-05-27 19:42:43
875,音乐,五月天 外场,26,267854,2023-05-27 19:27:27,https://s.weibo.com/weibo?q=#五月天 外场#,2023-05-27 19:42:43
876,综艺,小白谢可寅双人舞台,27,253364,2023-05-27 18:55:29,https://s.weibo.com/weibo?q=#小白谢可寅双人舞台#,2023-05-27 19:42:43
880,音乐,毕雯珺签唱会,31,219577,2023-05-27 19:34:28,https://s.weibo.com/weibo?q=#毕雯珺签唱会#,2023-05-27 19:42:43
881,综艺,迷迭香,32,217774,2023-05-27 19:22:30,https://s.weibo.com/weibo?q=#迷迭香#,2023-05-27 19:42:43
882,影视,朱一龙带保温杯去电影周,33,205090,2023-05-27 19:18:28,https://s.weibo.com/weibo?q=#朱一龙带保温杯去电影周#,2023-05-27 19:42:43
886,作品衍生,博库的戒指耳夹,37,157583,2023-05-27 19:30:26,https://s.weibo.com/weibo?q=#博库的戒指耳夹#,2023-05-27 19:42:43
897,美食,陈醋可乐,48,113463,2023-05-27 18:47:27,https://s.weibo.com/weibo?q=#陈醋可乐#,2023-05-27 19:42:43
898,动漫,以你为名的夏天,49,113460,2023-05-27 19:08:30,https://s.weibo.com/weibo?q=#以你为名的夏天#,2023-05-27 19:42:43
901,社会新闻,南航,2,1315472,2023-05-27 19:43:27,https://s.weibo.com/weibo?q=#南航#,2023-05-27 20:42:44
902,社会新闻,白色大熊猫与大熊猫罕见同框,3,1042397,2023-05-27 20:42:30,https://s.weibo.com/weibo?q=#白色大熊猫与大熊猫罕见同框#,2023-05-27 20:42:44
906,音乐,刘宇宁 毛不易演唱会,7,603308,2023-05-27 20:15:31,https://s.weibo.com/weibo?q=#刘宇宁 毛不易演唱会#,2023-05-27 20:42:44
913,体育,孙颖莎4比1战胜早田希娜,14,384899,2023-05-27 20:03:30,https://s.weibo.com/weibo?q=#孙颖莎4比1战胜早田希娜#,2023-05-27 20:42:44
914,社会新闻,这很有实力,15,381016,2023-05-27 20:00:00,https://s.weibo.com/weibo?q=#这很有实力#,2023-05-27 20:42:44
917,社会新闻,奔驰发布会,18,379118,2023-05-27 19:00:00,https://s.weibo.com/weibo?q=#奔驰发布会#,2023-05-27 20:42:44
918,社会新闻,小伙被骗缅北3年警方指导逃脱,19,377697,2023-05-27 20:12:28,https://s.weibo.com/weibo?q=#小伙被骗缅北3年警方指导逃脱#,2023-05-27 20:42:44
919,综艺,桃花坞,20,325839,2023-05-27 20:24:30,https://s.weibo.com/weibo?q=#桃花坞#,2023-05-27 20:42:44
920,综艺,程潇录节目玩手机,21,304616,2023-05-27 20:04:29,https://s.weibo.com/weibo?q=#程潇录节目玩手机#,2023-05-27 20:42:44
922,社会新闻,德国男子连做3次断骨增高至1米9,23,241463,2023-05-27 20:26:29,https://s.weibo.com/weibo?q=#德国男子连做3次断骨增高至1米9#,2023-05-27 20:42:44
923,社会新闻,保洁阿姨捡到40万现金报警,24,235628,2023-05-27 20:05:30,https://s.weibo.com/weibo?q=#保洁阿姨捡到40万现金报警#,2023-05-27 20:42:44
925,社会新闻,96岁志愿军老战士再圆军装梦,26,230921,2023-05-27 16:02:29,https://s.weibo.com/weibo?q=#96岁志愿军老战士再圆军装梦#,2023-05-27 20:42:44
926,艺人,王一博王鹤棣侧颜对比照,27,229097,2023-05-27 20:09:28,https://s.weibo.com/weibo?q=#王一博王鹤棣侧颜对比照#,2023-05-27 20:42:44
927,艺人,王嘉尔回国,28,225794,2023-05-27 19:44:28,https://s.weibo.com/weibo?q=#王嘉尔回国#,2023-05-27 20:42:44
929,艺人,虞书欣与甘比母女合影,30,224331,2023-05-27 20:35:30,https://s.weibo.com/weibo?q=#虞书欣与甘比母女合影#,2023-05-27 20:42:44
931,情感,这就是我超级紧张的求婚,32,221451,2023-05-27 19:50:28,https://s.weibo.com/weibo?q=#这就是我超级紧张的求婚#,2023-05-27 20:42:44
936,"影视,游戏",周深斗罗大陆绝世唐门双绝合作,37,208404,2023-05-27 20:11:30,https://s.weibo.com/weibo?q=#周深斗罗大陆绝世唐门双绝合作#,2023-05-27 20:42:44
940,作品衍生,荒野植被,41,165346,2023-05-27 20:35:30,https://s.weibo.com/weibo?q=#荒野植被#,2023-05-27 20:42:44
942,体育,国乒把女单冠军也提前锁了,43,161754,2023-05-27 20:38:29,https://s.weibo.com/weibo?q=#国乒把女单冠军也提前锁了#,2023-05-27 20:42:44
943,音乐,毛不易上海演唱会,44,150615,2023-05-27 19:59:29,https://s.weibo.com/weibo?q=#毛不易上海演唱会#,2023-05-27 20:42:44
944,影视,张子枫 美人鱼,45,149932,2023-05-27 20:42:30,https://s.weibo.com/weibo?q=#张子枫 美人鱼#,2023-05-27 20:42:44
945,综艺,小白淘汰谢可寅哭了,46,148708,2023-05-27 20:40:29,https://s.weibo.com/weibo?q=#小白淘汰谢可寅哭了#,2023-05-27 20:42:44
950,综艺,老舅 淘汰,1,1905641,2023-05-27 21:03:31,https://s.weibo.com/weibo?q=#老舅 淘汰#,2023-05-27 21:42:44
952,社会新闻,开局之年看中国县域新发展,3,1336446,2023-05-27 20:45:28,https://s.weibo.com/weibo?q=#开局之年看中国县域新发展#,2023-05-27 21:42:44
955,社会新闻,丫丫,6,1165163,2023-05-27 20:58:29,https://s.weibo.com/weibo?q=#丫丫#,2023-05-27 21:42:44
962,综艺,掉了,13,652261,2023-05-27 20:43:30,https://s.weibo.com/weibo?q=#掉了#,2023-05-27 21:42:44
963,体育,陈梦4比1陈幸同,14,469778,2023-05-27 21:26:30,https://s.weibo.com/weibo?q=#陈梦4比1陈幸同#,2023-05-27 21:42:44
964,社会新闻,村支书跳入洪水中帮村民救牛,15,460605,2023-05-27 21:00:00,https://s.weibo.com/weibo?q=#村支书跳入洪水中帮村民救牛#,2023-05-27 21:42:44
965,综艺,莫文蔚的腿秒了,16,448987,2023-05-27 21:16:33,https://s.weibo.com/weibo?q=#莫文蔚的腿秒了#,2023-05-27 21:42:44
967,音乐,王俊凯,18,425568,2023-05-27 21:37:33,https://s.weibo.com/weibo?q=#王俊凯#,2023-05-27 21:42:44
972,体育,陈梦vs陈幸同,23,320730,2023-05-27 20:54:30,https://s.weibo.com/weibo?q=#陈梦vs陈幸同#,2023-05-27 21:42:44
973,社会新闻,摊主在煮玉米锅里放不明添加剂,24,239709,2023-05-27 20:51:30,https://s.weibo.com/weibo?q=#摊主在煮玉米锅里放不明添加剂#,2023-05-27 21:42:44
975,艺人,赵露思鞠婧祎直播状态,26,214569,2023-05-27 21:34:34,https://s.weibo.com/weibo?q=#赵露思鞠婧祎直播状态#,2023-05-27 21:42:44
984,幽默,南方人对北方大葱的误解,35,168398,2023-05-27 21:18:32,https://s.weibo.com/weibo?q=#南方人对北方大葱的误解#,2023-05-27 21:42:44
986,综艺,周深一秒猜出美依礼芽,37,162867,2023-05-27 20:50:28,https://s.weibo.com/weibo?q=#周深一秒猜出美依礼芽#,2023-05-27 21:42:44
988,社会新闻,南航回应旅客新加坡乘机遭柜台人员辱骂,39,147069,2023-05-27 20:47:30,https://s.weibo.com/weibo?q=#南航回应旅客新加坡乘机遭柜台人员辱骂#,2023-05-27 21:42:44
990,综艺,杨超越跳极乐净土,41,144696,2023-05-27 21:30:32,https://s.weibo.com/weibo?q=#杨超越跳极乐净土#,2023-05-27 21:42:44
991,影视,除了杨洋谁还能演肖奈,42,142956,2023-05-27 21:36:34,https://s.weibo.com/weibo?q=#除了杨洋谁还能演肖奈#,2023-05-27 21:42:44
992,音乐,蔡徐坤澳门演唱会排练花絮,43,141881,2023-05-27 21:09:31,https://s.weibo.com/weibo?q=#蔡徐坤澳门演唱会排练花絮#,2023-05-27 21:42:44
993,音乐,华晨宇演唱会运冰块降温,44,141262,2023-05-27 20:47:30,https://s.weibo.com/weibo?q=#华晨宇演唱会运冰块降温#,2023-05-27 21:42:44
994,影视,志愿军,45,139630,2023-05-27 21:35:33,https://s.weibo.com/weibo?q=#志愿军#,2023-05-27 21:42:44
999,社会新闻,南昌一地舞台背景屏倒塌9名幼儿被砸,50,122777,2023-05-27 21:33:31,https://s.weibo.com/weibo?q=#南昌一地舞台背景屏倒塌9名幼儿被砸#,2023-05-27 21:42:44
1006,"社会新闻,财经",武汉财政局公开催债,7,958467,2023-05-27 22:05:37,https://s.weibo.com/weibo?q=#武汉财政局公开催债#,2023-05-27 22:42:45
1007,综艺,老舅一年一首骂完就走,8,765338,2023-05-27 22:23:35,https://s.weibo.com/weibo?q=#老舅一年一首骂完就走#,2023-05-27 22:42:45
1009,体育,樊振东王楚钦世锦赛男双冠军,10,527977,2023-05-27 21:53:34,https://s.weibo.com/weibo?q=#樊振东王楚钦世锦赛男双冠军#,2023-05-27 22:42:45
1011,综艺,孟子义妈妈娱乐圈除了孟子义都追,12,501412,2023-05-27 21:45:35,https://s.weibo.com/weibo?q=#孟子义妈妈娱乐圈除了孟子义都追#,2023-05-27 22:42:45
1014,社会新闻,江苏援疆医生遇地震坚持做完手术,15,437021,2023-05-27 22:00:00,https://s.weibo.com/weibo?q=#江苏援疆医生遇地震坚持做完手术#,2023-05-27 22:42:45
1021,影视,沈腾等红毯太无聊扒墙看海,22,311714,2023-05-27 22:21:34,https://s.weibo.com/weibo?q=#沈腾等红毯太无聊扒墙看海#,2023-05-27 22:42:45
1024,体育,樊振东王楚钦拥抱庆祝夺冠,25,226359,2023-05-27 22:13:35,https://s.weibo.com/weibo?q=#樊振东王楚钦拥抱庆祝夺冠#,2023-05-27 22:42:45
1026,综艺,瘦子太帅了,27,219689,2023-05-27 21:59:30,https://s.weibo.com/weibo?q=#瘦子太帅了#,2023-05-27 22:42:45
1027,体育,心疼罗伊斯,28,213128,2023-05-27 22:39:35,https://s.weibo.com/weibo?q=#心疼罗伊斯#,2023-05-27 22:42:45
1029,游戏,Mike夺冠,30,199746,2023-05-27 21:56:33,https://s.weibo.com/weibo?q=#Mike夺冠#,2023-05-27 22:42:45
1032,音乐,林宥嘉 青岛,33,199191,2023-05-27 22:01:31,https://s.weibo.com/weibo?q=#林宥嘉 青岛#,2023-05-27 22:42:45
1037,综艺,张子豪 真顶,38,198347,2023-05-27 22:21:34,https://s.weibo.com/weibo?q=#张子豪 真顶#,2023-05-27 22:42:45
1039,体育,F1,40,197853,2023-05-27 22:22:35,https://s.weibo.com/weibo?q=#F1#,2023-05-27 22:42:45
1042,音乐,张云雷听云见心演唱会,43,197210,2023-05-27 21:47:33,https://s.weibo.com/weibo?q=#张云雷听云见心演唱会#,2023-05-27 22:42:45
1045,艺人,宋亚轩和林峯打招呼,46,196757,2023-05-27 22:27:36,https://s.weibo.com/weibo?q=#宋亚轩和林峯打招呼#,2023-05-27 22:42:45
1046,体育,德甲,47,196532,2023-05-27 21:50:34,https://s.weibo.com/weibo?q=#德甲#,2023-05-27 22:42:45
1047,体育,科隆vs拜仁,48,196207,2023-05-27 22:19:33,https://s.weibo.com/weibo?q=#科隆vs拜仁#,2023-05-27 22:42:45
1048,体育,多特蒙德vs美因茨,49,195987,2023-05-27 20:59:33,https://s.weibo.com/weibo?q=#多特蒙德vs美因茨#,2023-05-27 22:42:45
1049,体育,樊振东王楚钦3比0横扫韩国队,50,195813,2023-05-27 22:14:34,https://s.weibo.com/weibo?q=#樊振东王楚钦3比0横扫韩国队#,2023-05-27 22:42:45
1054,体育,拜仁德甲冠军,5,1019440,2023-05-27 23:30:31,https://s.weibo.com/weibo?q=#拜仁德甲冠军#,2023-05-27 23:42:45
1056,体育,马龙vs王楚钦,7,934890,2023-05-27 23:19:31,https://s.weibo.com/weibo?q=#马龙vs王楚钦#,2023-05-27 23:42:45
1058,音乐,BLACKPINK演唱会被扔上台的玩偶有摄像头,9,826053,2023-05-27 23:28:30,https://s.weibo.com/weibo?q=#BLACKPINK演唱会被扔上台的玩偶有摄像头#,2023-05-27 23:42:45
1059,综艺,孟子义回应迪幂孟扎称号,10,789200,2023-05-27 23:04:32,https://s.weibo.com/weibo?q=#孟子义回应迪幂孟扎称号#,2023-05-27 23:42:45
1060,综艺,小白恋爱脑,11,762549,2023-05-27 23:05:33,https://s.weibo.com/weibo?q=#小白恋爱脑#,2023-05-27 23:42:45
1064,社会新闻,宁波姑娘三进三出控场灭火救人,15,528178,2023-05-27 23:00:00,https://s.weibo.com/weibo?q=#宁波姑娘三进三出控场灭火救人#,2023-05-27 23:42:45
1066,影视,仙剑三主演孩子的年龄,17,509200,2023-05-27 23:12:32,https://s.weibo.com/weibo?q=#仙剑三主演孩子的年龄#,2023-05-27 23:42:45
1067,体育,拜仁熟悉的下半场,18,479826,2023-05-27 23:13:29,https://s.weibo.com/weibo?q=#拜仁熟悉的下半场#,2023-05-27 23:42:45
1072,"社会新闻,网红",拒绝董明珠3次的主播评孟羽童离职,23,352604,2023-05-27 23:25:32,https://s.weibo.com/weibo?q=#拒绝董明珠3次的主播评孟羽童离职#,2023-05-27 23:42:45
1075,影视,周也好适合演恶女,26,333342,2023-05-27 23:19:31,https://s.weibo.com/weibo?q=#周也好适合演恶女#,2023-05-27 23:42:45
1078,影视,吴京给谢楠发与沈腾张译合照,29,318600,2023-05-27 23:03:31,https://s.weibo.com/weibo?q=#吴京给谢楠发与沈腾张译合照#,2023-05-27 23:42:45
1080,体育,多特关键时刻掉链子,31,289830,2023-05-27 22:43:32,https://s.weibo.com/weibo?q=#多特关键时刻掉链子#,2023-05-27 23:42:45
1084,体育,科隆,35,232196,2023-05-27 23:37:33,https://s.weibo.com/weibo?q=#科隆#,2023-05-27 23:42:45
1085,音乐,朴彩英模仿Lisa比中指,36,230665,2023-05-27 23:37:33,https://s.weibo.com/weibo?q=#朴彩英模仿Lisa比中指#,2023-05-27 23:42:45
1088,体育,多特蒙德半场0比2美因茨,39,196897,2023-05-27 22:45:31,https://s.weibo.com/weibo?q=#多特蒙德半场0比2美因茨#,2023-05-27 23:42:45
1090,影视,银河护卫队3,41,179007,2023-05-27 23:24:33,https://s.weibo.com/weibo?q=#银河护卫队3#,2023-05-27 23:42:45
1094,音乐,五月天杭州,45,173908,2023-05-27 23:37:33,https://s.weibo.com/weibo?q=#五月天杭州#,2023-05-27 23:42:45
1097,社会新闻,南航通报旅客遭新加坡柜台人员辱骂,48,173063,2023-05-27 22:44:32,https://s.weibo.com/weibo?q=#南航通报旅客遭新加坡柜台人员辱骂#,2023-05-27 23:42:45
1099,幽默,算命 更适合中国宝宝的心理咨询,50,165237,2023-05-27 23:36:31,https://s.weibo.com/weibo?q=#算命 更适合中国宝宝的心理咨询#,2023-05-27 23:42:45
1100,体育,假球,1,2815822,2023-05-27 23:56:32,https://s.weibo.com/weibo?q=#假球#,2023-05-28 00:42:45
1110,体育,樊振东vs梁靖崑,11,464205,2023-05-28 00:07:28,https://s.weibo.com/weibo?q=#樊振东vs梁靖崑#,2023-05-28 00:42:45
1112,体育,多特蒙德对得起谁,13,420368,2023-05-27 23:47:30,https://s.weibo.com/weibo?q=#多特蒙德对得起谁#,2023-05-28 00:42:45
1122,体育,贝林厄姆哭了,23,269865,2023-05-28 00:22:27,https://s.weibo.com/weibo?q=#贝林厄姆哭了#,2023-05-28 00:42:45
1124,体育,罗伊斯痛失德甲首冠,25,237716,2023-05-27 23:52:28,https://s.weibo.com/weibo?q=#罗伊斯痛失德甲首冠#,2023-05-28 00:42:45
1126,影视,袁姗姗新剧人设,27,232214,2023-05-28 00:08:29,https://s.weibo.com/weibo?q=#袁姗姗新剧人设#,2023-05-28 00:42:45
1132,音乐,五月天杭州演唱会票不能转赠,33,182861,2023-05-27 23:46:30,https://s.weibo.com/weibo?q=#五月天杭州演唱会票不能转赠#,2023-05-28 00:42:45
1136,体育,陈梦王艺迪女双决赛,37,149882,2023-05-28 00:21:29,https://s.weibo.com/weibo?q=#陈梦王艺迪女双决赛#,2023-05-28 00:42:45
1137,体育,穆夏拉 牛,38,129324,2023-05-27 23:59:30,https://s.weibo.com/weibo?q=#穆夏拉 牛#,2023-05-28 00:42:45
1141,综艺,欧阳靖中文说唱功力,42,106090,2023-05-27 23:50:30,https://s.weibo.com/weibo?q=#欧阳靖中文说唱功力#,2023-05-28 00:42:45
1148,"情感,幽默",其实大家的青春都很平淡吧,49,94329,2023-05-28 00:35:26,https://s.weibo.com/weibo?q=#其实大家的青春都很平淡吧#,2023-05-28 00:42:45
1178,社会新闻,狗狗为护农被豪猪扎得满身刺,29,109525,2023-05-28 00:30:26,https://s.weibo.com/weibo?q=#狗狗为护农被豪猪扎得满身刺#,2023-05-28 01:42:46
1186,艺人,maymay凯瑞图,37,84167,2023-05-28 01:26:20,https://s.weibo.com/weibo?q=#maymay凯瑞图#,2023-05-28 01:42:46
1190,综艺,耳帝评浪姐二公舞台,41,63519,2023-05-28 01:34:20,https://s.weibo.com/weibo?q=#耳帝评浪姐二公舞台#,2023-05-28 01:42:46
1216,体育,陈梦王艺迪vs田志希申裕斌,17,96312,2023-05-28 01:52:18,https://s.weibo.com/weibo?q=#陈梦王艺迪vs田志希申裕斌#,2023-05-28 02:42:46
1238,体育,德甲联赛,39,48787,2023-05-28 02:40:14,https://s.weibo.com/weibo?q=#德甲联赛#,2023-05-28 02:42:46
1240,综艺,TangoZ选谢可寅的原因,41,48161,2023-05-28 02:27:15,https://s.weibo.com/weibo?q=#TangoZ选谢可寅的原因#,2023-05-28 02:42:46
1261,影视,戛纳电影节,12,74469,2023-05-28 02:49:15,https://s.weibo.com/weibo?q=#戛纳电影节#,2023-05-28 03:42:47
1272,社会新闻,大学生掏鸟案当事人27日刑满释放,23,40857,2023-05-28 02:08:14,https://s.weibo.com/weibo?q=#大学生掏鸟案当事人27日刑满释放#,2023-05-28 03:42:47
1328,教育,锦鲤,29,22351,2023-05-28 04:28:12,https://s.weibo.com/weibo?q=#锦鲤#,2023-05-28 04:42:47
1343,音乐,BLACKPINK曼谷演唱会饭拍,44,20088,2023-05-28 03:25:13,https://s.weibo.com/weibo?q=#BLACKPINK曼谷演唱会饭拍#,2023-05-28 04:42:47
1344,社会新闻,全球唯一白色大熊猫野外撒欢,45,20078,2023-05-28 04:13:13,https://s.weibo.com/weibo?q=#全球唯一白色大熊猫野外撒欢#,2023-05-28 04:42:47
1428,影视,吴京说我的金手指一指张译就得奖了,29,48526,2023-05-28 06:18:14,https://s.weibo.com/weibo?q=#吴京说我的金手指一指张译就得奖了#,2023-05-28 06:42:48
1460,体育,梅西收获职业生涯第43冠,11,214569,2023-05-28 07:09:16,https://s.weibo.com/weibo?q=#梅西收获职业生涯第43冠#,2023-05-28 07:42:48
1462,"幽默,情感",ai换脸 我对父母的反诈宣传,13,195050,2023-05-28 07:00:16,https://s.weibo.com/weibo?q=#ai换脸 我对父母的反诈宣传#,2023-05-28 07:42:48
1470,社会新闻,大连降雨一高校遍地是小青蛙,21,132969,2023-05-28 06:59:18,https://s.weibo.com/weibo?q=#大连降雨一高校遍地是小青蛙#,2023-05-28 07:42:48
1471,幽默,你可能还没这只猫的道行深,22,131108,2023-05-28 07:32:20,https://s.weibo.com/weibo?q=#你可能还没这只猫的道行深#,2023-05-28 07:42:48
1472,综艺,张云雷好妹妹合唱相思赋予谁,23,130780,2023-05-28 07:33:20,https://s.weibo.com/weibo?q=#张云雷好妹妹合唱相思赋予谁#,2023-05-28 07:42:48
1478,体育,梅西加冕五大联赛历史射手王,29,103378,2023-05-28 07:14:17,https://s.weibo.com/weibo?q=#梅西加冕五大联赛历史射手王#,2023-05-28 07:42:48
1480,社会新闻,大学生网购零食放虫子敲诈40多次,31,98875,2023-05-28 07:25:18,https://s.weibo.com/weibo?q=#大学生网购零食放虫子敲诈40多次#,2023-05-28 07:42:48
1481,艺人,叶舒华牛仔裙,32,98722,2023-05-28 07:28:18,https://s.weibo.com/weibo?q=#叶舒华牛仔裙#,2023-05-28 07:42:48
1482,影视,2023戛纳电影节闭幕红毯,33,97831,2023-05-28 07:34:19,https://s.weibo.com/weibo?q=#2023戛纳电影节闭幕红毯#,2023-05-28 07:42:48
1483,"社会新闻,情感",浙江婚龄男女为啥怕过端午节,34,96173,2023-05-28 07:32:20,https://s.weibo.com/weibo?q=#浙江婚龄男女为啥怕过端午节#,2023-05-28 07:42:48
1487,综艺,王鹤棣说在我心中三傻只有一个,38,79508,2023-05-28 07:38:20,https://s.weibo.com/weibo?q=#王鹤棣说在我心中三傻只有一个#,2023-05-28 07:42:48
1492,社会新闻,因闯红灯上热搜的安徽的哥又出手了,43,72378,2023-05-28 07:00:16,https://s.weibo.com/weibo?q=#因闯红灯上热搜的安徽的哥又出手了#,2023-05-28 07:42:48
1495,社会新闻,猪加索画作售卖已超2000万美元,46,68526,2023-05-28 07:38:20,https://s.weibo.com/weibo?q=#猪加索画作售卖已超2000万美元#,2023-05-28 07:42:48
1497,艺人,蔡徐坤排练碎片,48,64138,2023-05-28 07:37:19,https://s.weibo.com/weibo?q=#蔡徐坤排练碎片#,2023-05-28 07:42:48
1499,综艺,宋丹丹问李雪琴是不是谈恋爱了,50,61279,2023-05-28 07:42:19,https://s.weibo.com/weibo?q=#宋丹丹问李雪琴是不是谈恋爱了#,2023-05-28 07:42:48
1503,幽默,离职时公司要求留下微信,4,927337,2023-05-28 08:08:24,https://s.weibo.com/weibo?q=#离职时公司要求留下微信#,2023-05-28 08:42:49
1515,社会新闻,C919商业航班今天首飞,16,225931,2023-05-28 08:01:21,https://s.weibo.com/weibo?q=#C919商业航班今天首飞#,2023-05-28 08:42:49
1520,社会新闻,浙江大学生激烈讨论没钱生不生孩子,21,172964,2023-05-28 07:47:22,https://s.weibo.com/weibo?q=#浙江大学生激烈讨论没钱生不生孩子#,2023-05-28 08:42:49
1521,艺人,赵露思工作室,22,172739,2023-05-28 07:55:22,https://s.weibo.com/weibo?q=#赵露思工作室#,2023-05-28 08:42:49
1525,音乐,五月天演唱会上一场无声的求婚,26,157671,2023-05-28 08:32:25,https://s.weibo.com/weibo?q=#五月天演唱会上一场无声的求婚#,2023-05-28 08:42:49
1530,音乐,蒋依依去看五月天演唱会,31,141695,2023-05-28 08:04:23,https://s.weibo.com/weibo?q=#蒋依依去看五月天演唱会#,2023-05-28 08:42:49
1532,情感,难怪饿死都瘦不了几斤,33,140852,2023-05-28 08:29:25,https://s.weibo.com/weibo?q=#难怪饿死都瘦不了几斤#,2023-05-28 08:42:49
1533,国外要闻,卢拉拒绝普京邀请,34,140136,2023-05-28 08:26:25,https://s.weibo.com/weibo?q=#卢拉拒绝普京邀请#,2023-05-28 08:42:49
1536,综艺,王鹤棣说不要和他抢王传君,37,135883,2023-05-28 08:17:22,https://s.weibo.com/weibo?q=#王鹤棣说不要和他抢王传君#,2023-05-28 08:42:49
1537,艺人,周扬青晒与钟欣潼合照,38,134466,2023-05-28 07:21:19,https://s.weibo.com/weibo?q=#周扬青晒与钟欣潼合照#,2023-05-28 08:42:49
1538,"艺人,幽默",seventeen汉语热学中,39,131439,2023-05-28 08:28:25,https://s.weibo.com/weibo?q=#seventeen汉语热学中#,2023-05-28 08:42:49
1541,音乐,薛之谦听一场演唱会送一场喜剧,42,116703,2023-05-28 08:15:24,https://s.weibo.com/weibo?q=#薛之谦听一场演唱会送一场喜剧#,2023-05-28 08:42:49
1543,社会新闻,10天后高考,44,109965,2023-05-28 07:46:22,https://s.weibo.com/weibo?q=#10天后高考#,2023-05-28 08:42:49
1548,体育,多特蒙德,49,98917,2023-05-28 08:41:24,https://s.weibo.com/weibo?q=#多特蒙德#,2023-05-28 08:42:49
1549,社会新闻,上海火烧云美得让人猝不及防,50,96363,2023-05-28 08:01:21,https://s.weibo.com/weibo?q=#上海火烧云美得让人猝不及防#,2023-05-28 08:42:49
1550,情感,白瘦幼审美 过于恶毒的存在,1,2093395,2023-05-28 08:43:23,https://s.weibo.com/weibo?q=#白瘦幼审美 过于恶毒的存在#,2023-05-28 09:42:49
1556,社会新闻,小伙入职后发现同事都在养宠物,7,764598,2023-05-28 08:56:25,https://s.weibo.com/weibo?q=#小伙入职后发现同事都在养宠物#,2023-05-28 09:42:49
1560,国内要闻,中国人终于要坐上国产大飞机,11,437756,2023-05-28 08:58:26,https://s.weibo.com/weibo?q=#中国人终于要坐上国产大飞机#,2023-05-28 09:42:49
1562,社会新闻,从26楼撑伞跳下男童生命体征平稳,13,385024,2023-05-28 09:29:25,https://s.weibo.com/weibo?q=#从26楼撑伞跳下男童生命体征平稳#,2023-05-28 09:42:49
1570,社会新闻,MU9191,21,208195,2023-05-28 09:09:28,https://s.weibo.com/weibo?q=#MU9191#,2023-05-28 09:42:49
1572,幽默,你肉体上感到最疼的一次经历,23,207236,2023-05-28 08:58:26,https://s.weibo.com/weibo?q=#你肉体上感到最疼的一次经历#,2023-05-28 09:42:49
1574,综艺,EXO十年前快乐大本营花絮,25,205891,2023-05-28 09:07:27,https://s.weibo.com/weibo?q=#EXO十年前快乐大本营花絮#,2023-05-28 09:42:49
1579,体育,NBA,30,173379,2023-05-28 08:55:26,https://s.weibo.com/weibo?q=#NBA#,2023-05-28 09:42:49
1580,美食,经常炒菜的人一定要知道,31,173294,2023-05-28 09:30:27,https://s.weibo.com/weibo?q=#经常炒菜的人一定要知道#,2023-05-28 09:42:49
1581,社会新闻,3年内有望实现人猫对话,32,171724,2023-05-28 09:32:25,https://s.weibo.com/weibo?q=#3年内有望实现人猫对话#,2023-05-28 09:42:49
1587,社会新闻,二阳会留下后遗症吗,38,149410,2023-05-28 09:42:27,https://s.weibo.com/weibo?q=#二阳会留下后遗症吗#,2023-05-28 09:42:49
1590,体育,凯尔特人vs热火,41,142758,2023-05-28 09:19:26,https://s.weibo.com/weibo?q=#凯尔特人vs热火#,2023-05-28 09:42:49
1591,作品衍生,张子枫的气质,42,136865,2023-05-28 09:30:27,https://s.weibo.com/weibo?q=#张子枫的气质#,2023-05-28 09:42:49
1599,艺人,周也绿色烟熏妆,50,103142,2023-05-28 09:41:27,https://s.weibo.com/weibo?q=#周也绿色烟熏妆#,2023-05-28 09:42:49
1605,艺人,宁艺卓ins个人简介更新,6,683921,2023-05-28 09:48:27,https://s.weibo.com/weibo?q=#宁艺卓ins个人简介更新#,2023-05-28 10:42:50
1609,社会新闻,C919,10,463249,2023-05-28 10:02:27,https://s.weibo.com/weibo?q=#C919#,2023-05-28 10:42:50
1610,社会新闻,女子回家发现出租屋变灵堂,11,460783,2023-05-28 09:46:29,https://s.weibo.com/weibo?q=#女子回家发现出租屋变灵堂#,2023-05-28 10:42:50
1611,影视,戛纳最佳着装,12,457387,2023-05-28 10:19:27,https://s.weibo.com/weibo?q=#戛纳最佳着装#,2023-05-28 10:42:50
1613,体育,巴特勒怎么了,14,401934,2023-05-28 10:22:26,https://s.weibo.com/weibo?q=#巴特勒怎么了#,2023-05-28 10:42:50
1621,综艺,五十公里桃花坞,22,248167,2023-05-28 10:19:27,https://s.weibo.com/weibo?q=#五十公里桃花坞#,2023-05-28 10:42:50
1625,"幽默,情感",小朋友嫌幼稚大朋友刚刚好的礼物,26,241156,2023-05-28 10:18:28,https://s.weibo.com/weibo?q=#小朋友嫌幼稚大朋友刚刚好的礼物#,2023-05-28 10:42:50
1628,社会新闻,国际月经日,29,222787,2023-05-28 09:58:28,https://s.weibo.com/weibo?q=#国际月经日#,2023-05-28 10:42:50
1632,社会新闻,中高考临近淄博烧烤投诉增多,33,169741,2023-05-28 10:36:29,https://s.weibo.com/weibo?q=#中高考临近淄博烧烤投诉增多#,2023-05-28 10:42:50
1633,影视,2023戛纳电影节获奖名单,34,168819,2023-05-28 10:22:26,https://s.weibo.com/weibo?q=#2023戛纳电影节获奖名单#,2023-05-28 10:42:50
1635,社会新闻,小学生借钱坐公交每个人回应都好暖,36,162249,2023-05-28 10:16:28,https://s.weibo.com/weibo?q=#小学生借钱坐公交每个人回应都好暖#,2023-05-28 10:42:50
1641,社会新闻,月经不是什么难以启齿的事,42,146026,2023-05-28 10:35:27,https://s.weibo.com/weibo?q=#月经不是什么难以启齿的事#,2023-05-28 10:42:50
1642,艺人,宁艺卓INFP,43,142355,2023-05-28 10:42:26,https://s.weibo.com/weibo?q=#宁艺卓INFP#,2023-05-28 10:42:50
1643,社会新闻,C919飞机上有五福临门主题餐,44,133335,2023-05-28 10:32:27,https://s.weibo.com/weibo?q=#C919飞机上有五福临门主题餐#,2023-05-28 10:42:50
